suite,plan_num,oracle_applicable,oracle_passed,tcsp_score,failed_oracles
bakery_1,1,2,1,0.5,O5_final_cols_produced
bakery_1,2,2,1,0.5,O5_final_cols_produced
bakery_1,3,2,1,0.5,O5_final_cols_produced
bakery_1,4,2,1,0.5,O5_final_cols_produced
bakery_1,5,4,2,0.5,"O5_final_cols_produced,O8_non_empty_for_list"
bakery_1,6,4,2,0.5,"O5_final_cols_produced,O8_non_empty_for_list"
bakery_1,7,5,4,0.8,O5_final_cols_produced
bakery_1,8,5,4,0.8,O5_final_cols_produced
bakery_1,9,5,3,0.6,"O5_final_cols_produced,O8_non_empty_for_list"
bakery_1,10,5,3,0.6,"O5_final_cols_produced,O8_non_empty_for_list"
bakery_1,13,5,1,0.2,"O5_final_cols_produced,O6_aggregation_declared_ok,O7_result_shape_for_agg,O9_numeric_type_for_agg"
bakery_1,14,3,2,0.6667,O5_final_cols_produced
bakery_1,15,2,1,0.5,O5_final_cols_produced
bakery_1,16,6,0,0.0,"O2_list_no_agg,O5_final_cols_produced,O6_aggregation_declared_ok,O7_result_shape_for_agg,O8_non_empty_for_list,O9_numeric_type_for_agg"
bakery_1,17,4,2,0.5,"O5_final_cols_produced,O6_aggregation_declared_ok"
bakery_1,18,4,2,0.5,"O5_final_cols_produced,O6_aggregation_declared_ok"
bakery_1,19,4,3,0.75,O5_final_cols_produced
bakery_1,20,4,2,0.5,"O5_final_cols_produced,O8_non_empty_for_list"
bakery_1,21,5,3,0.6,"O5_final_cols_produced,O10_distinct"
bakery_1,22,5,4,0.8,O10_distinct
bakery_1,23,2,2,1.0,
bakery_1,24,2,2,1.0,
bakery_1,25,4,3,0.75,O8_non_empty_for_list
bakery_1,26,4,3,0.75,O8_non_empty_for_list
bakery_1,27,4,3,0.75,O8_non_empty_for_list
bakery_1,28,4,3,0.75,O8_non_empty_for_list
bakery_1,29,2,2,1.0,
bakery_1,30,2,2,1.0,
bakery_1,31,2,2,1.0,
bakery_1,33,4,3,0.75,O7_result_shape_for_agg
bakery_1,34,4,3,0.75,O7_result_shape_for_agg
bakery_1,35,2,2,1.0,
bakery_1,36,4,3,0.75,O7_result_shape_for_agg
bakery_1,37,4,4,1.0,
bakery_1,38,4,4,1.0,
bakery_1,39,4,3,0.75,O8_non_empty_for_list
bakery_1,40,4,3,0.75,O8_non_empty_for_list
bakery_1,41,3,3,1.0,
bakery_1,42,4,4,1.0,
bakery_1,43,5,4,0.8,O8_non_empty_for_list
bakery_1,44,6,6,1.0,
bakery_1,45,5,4,0.8,O10_distinct
bakery_1,46,3,3,1.0,
bakery_1,47,4,4,1.0,
bakery_1,48,5,5,1.0,
bakery_1,49,5,5,1.0,
bakery_1,50,5,5,1.0,
bakery_1,51,5,5,1.0,
bakery_1,52,5,5,1.0,
bakery_1,53,4,4,1.0,
bakery_1,54,4,4,1.0,
bakery_1,55,4,4,1.0,
bakery_1,56,3,3,1.0,
bakery_1,57,4,3,0.75,O8_non_empty_for_list
bakery_1,58,4,3,0.75,O8_non_empty_for_list
bakery_1,59,4,4,1.0,
bakery_1,60,2,2,1.0,
bakery_1,62,4,4,1.0,
bakery_1,63,5,4,0.8,O8_non_empty_for_list
bakery_1,64,5,4,0.8,O8_non_empty_for_list
bakery_1,65,4,4,1.0,
bakery_1,66,2,2,1.0,
bakery_1,67,4,2,0.5,"O7_result_shape_for_agg,O9_numeric_type_for_agg"
bakery_1,68,4,2,0.5,"O7_result_shape_for_agg,O9_numeric_type_for_agg"
bakery_1,69,4,2,0.5,"O7_result_shape_for_agg,O9_numeric_type_for_agg"
bakery_1,70,2,2,1.0,
bakery_1,71,2,2,1.0,
bakery_1,72,2,2,1.0,
bakery_1,73,2,2,1.0,
bakery_1,74,2,2,1.0,
bakery_1,75,2,2,1.0,
bakery_1,76,2,2,1.0,
bakery_1,77,2,2,1.0,
bakery_1,78,2,2,1.0,
bakery_1,79,3,3,1.0,
bakery_1,80,4,3,0.75,O7_result_shape_for_agg
bakery_1,81,4,3,0.75,O8_non_empty_for_list
bakery_1,82,4,4,1.0,
bakery_1,83,4,3,0.75,O8_non_empty_for_list
bakery_1,84,4,3,0.75,O8_non_empty_for_list
bakery_1,85,3,3,1.0,
bakery_1,86,3,3,1.0,
bakery_1,87,2,2,1.0,
bakery_1,88,2,2,1.0,
bakery_1,89,4,4,1.0,
bakery_1,90,4,4,1.0,
bakery_1,91,4,3,0.75,O8_non_empty_for_list
bakery_1,92,4,3,0.75,O8_non_empty_for_list
bakery_1,93,4,4,1.0,
bakery_1,95,4,4,1.0,
bakery_1,96,4,4,1.0,
bakery_1,97,4,2,0.5,"O7_result_shape_for_agg,O9_numeric_type_for_agg"
bakery_1,98,2,2,1.0,
bakery_1,99,4,4,1.0,
bakery_1,100,5,4,0.8,O7_result_shape_for_agg
bakery_1,101,4,4,1.0,
bakery_1,103,4,4,1.0,
bakery_1,104,4,3,0.75,O7_result_shape_for_agg
ecommerce,1,3,3,1.0,
ecommerce,2,3,3,1.0,
ecommerce,3,2,2,1.0,
ecommerce,4,4,3,0.75,O7_result_shape_for_agg
ecommerce,5,4,4,1.0,
ecommerce,6,4,4,1.0,
ecommerce,7,4,4,1.0,
ecommerce,8,4,4,1.0,
ecommerce,10,5,5,1.0,
ecommerce,11,3,3,1.0,
ecommerce,12,3,3,1.0,
ecommerce,13,2,2,1.0,
ecommerce,14,2,2,1.0,
ecommerce,17,4,4,1.0,
ecommerce,18,2,2,1.0,
ecommerce,19,4,3,0.75,O7_result_shape_for_agg
ecommerce,20,4,3,0.75,O7_result_shape_for_agg
ecommerce,21,4,2,0.5,"O7_result_shape_for_agg,O9_numeric_type_for_agg"
ecommerce,22,4,3,0.75,O7_result_shape_for_agg
ecommerce,23,4,4,1.0,
ecommerce,24,4,4,1.0,
ecommerce,25,4,4,1.0,
ecommerce,26,4,4,1.0,
ecommerce,27,4,4,1.0,
ecommerce,28,4,4,1.0,
ecommerce,29,2,2,1.0,
ecommerce,30,4,4,1.0,
ecommerce,31,4,4,1.0,
ecommerce,32,4,4,1.0,
ecommerce,33,5,4,0.8,O8_non_empty_for_list
ecommerce,34,4,4,1.0,
ecommerce,35,4,4,1.0,
ecommerce,36,4,4,1.0,
ecommerce,38,4,3,0.75,O7_result_shape_for_agg
ecommerce,39,2,2,1.0,
ecommerce,40,4,4,1.0,
ecommerce,41,4,4,1.0,
ecommerce,42,4,4,1.0,
ecommerce,43,2,2,1.0,
ecommerce,44,4,4,1.0,
ecommerce,45,4,4,1.0,
ecommerce,46,4,4,1.0,
ecommerce,47,4,4,1.0,
ecommerce,48,4,4,1.0,
ecommerce,49,2,2,1.0,
ecommerce,50,4,3,0.75,O8_non_empty_for_list
ecommerce,51,4,4,1.0,
ecommerce,52,4,4,1.0,
ecommerce,53,4,4,1.0,
ecommerce,54,4,3,0.75,O7_result_shape_for_agg
ecommerce,55,4,4,1.0,
ecommerce,56,4,4,1.0,
ecommerce,57,2,2,1.0,
ecommerce,58,2,2,1.0,
ecommerce,60,4,4,1.0,
ecommerce,61,4,4,1.0,
ecommerce,62,4,4,1.0,
ecommerce,63,4,4,1.0,
ecommerce,64,4,4,1.0,
ecommerce,65,4,4,1.0,
ecommerce,66,4,4,1.0,
ecommerce,67,2,2,1.0,
ecommerce,68,4,2,0.5,"O7_result_shape_for_agg,O9_numeric_type_for_agg"
ecommerce,69,3,3,1.0,
ecommerce,70,3,3,1.0,
ecommerce,71,2,2,1.0,
ecommerce,72,2,2,1.0,
ecommerce,73,4,4,1.0,
ecommerce,74,4,4,1.0,
ecommerce,75,3,3,1.0,
ecommerce,76,3,3,1.0,
ecommerce,77,4,4,1.0,
ecommerce,78,4,4,1.0,
ecommerce,79,2,2,1.0,
ecommerce,80,2,2,1.0,
chat,1,4,4,1.0,
chat,2,4,4,1.0,
chat,3,4,4,1.0,
chat,4,4,4,1.0,
chat,5,4,4,1.0,
chat,6,4,4,1.0,
chat,7,4,4,1.0,
chat,8,4,4,1.0,
chat,9,4,4,1.0,
chat,10,5,5,1.0,
chat,11,4,4,1.0,
chat,12,4,3,0.75,O8_non_empty_for_list
chat,13,5,5,1.0,
chat,14,5,5,1.0,
chat,15,4,4,1.0,
chat,16,4,4,1.0,
chat,17,2,2,1.0,
chat,18,4,3,0.75,O7_result_shape_for_agg
chat,19,4,4,1.0,
chat,20,3,3,1.0,
chat,21,2,2,1.0,
chat,22,2,2,1.0,
chat,24,2,2,1.0,
chat,26,4,4,1.0,
chat,27,4,4,1.0,
chat,28,4,4,1.0,
chat,29,4,4,1.0,
chat,30,4,4,1.0,
chat,31,3,3,1.0,
chat,32,2,2,1.0,
chat,33,4,4,1.0,
chat,34,4,4,1.0,
chat,35,4,4,1.0,
chat,36,4,4,1.0,
chat,37,4,4,1.0,
chat,39,4,3,0.75,O8_non_empty_for_list
sales,1,5,5,1.0,
sales,2,6,4,0.6667,"O4_sales_scope,O8_non_empty_for_list"
sales,6,5,5,1.0,
sales,11,4,4,1.0,
sales,16,6,5,0.8333,O8_non_empty_for_list
sales,24,5,5,1.0,
sales,25,5,5,1.0,
sales,26,5,4,0.8,O4_sales_scope
sales,28,5,4,0.8,O8_non_empty_for_list
sales,33,5,4,0.8,O7_result_shape_for_agg
sales,34,4,4,1.0,
store,1,4,4,1.0,
store,2,4,4,1.0,
store,3,4,4,1.0,
store,4,4,4,1.0,
store,5,4,4,1.0,
store,6,4,4,1.0,
store,7,2,2,1.0,
store,8,4,4,1.0,
store,9,4,4,1.0,
store,10,4,4,1.0,
store,11,5,5,1.0,
store,12,5,5,1.0,
store,13,4,3,0.75,O8_non_empty_for_list
store,14,4,3,0.75,O8_non_empty_for_list
store,15,4,4,1.0,
store,16,4,4,1.0,
store,17,4,4,1.0,
store,18,4,4,1.0,
store,19,4,4,1.0,
store,20,4,4,1.0,
store,21,4,4,1.0,
store,22,4,4,1.0,
store,23,2,2,1.0,
store,24,2,2,1.0,
store,25,4,4,1.0,
store,26,4,4,1.0,
store,27,2,2,1.0,
store,28,2,2,1.0,
store,29,2,2,1.0,
store,30,2,2,1.0,
store,31,4,4,1.0,
store,32,2,2,1.0,
store,33,2,2,1.0,
store,34,4,4,1.0,
store,36,4,4,1.0,
store,37,2,2,1.0,
store,38,2,2,1.0,
store,39,2,2,1.0,
